epoch,loss
0,0.26851800084114075
1,0.2468022257089615
2,0.2472619116306305
3,0.24622370302677155
